ds,category,y
2014-01-03,Office Supplies,16
2014-01-04,Office Supplies,289
2014-01-05,Office Supplies,20
2014-01-06,Furniture,2574
2014-01-06,Office Supplies,685
2014-01-06,Technology,1148
2014-01-07,Furniture,77
2014-01-07,Office Supplies,10
2014-01-09,Office Supplies,9
2014-01-09,Technology,31
2014-01-10,Furniture,52
2014-01-10,Office Supplies,3
2014-01-11,Furniture,10
2014-01-13,Furniture,880
2014-01-13,Office Supplies,2027
2014-01-13,Technology,647
2014-01-14,Furniture,62
2014-01-15,Technology,150
2014-01-16,Furniture,127
2014-01-16,Office Supplies,49
2014-01-16,Technology,124
2014-01-18,Office Supplies,65
2014-01-19,Furniture,181
2014-01-19,Office Supplies,197
2014-01-20,Furniture,1414
2014-01-20,Office Supplies,561
2014-01-20,Technology,700
2014-01-21,Furniture,25
2014-01-23,Office Supplies,46
2014-01-26,Furniture,217
2014-01-26,Office Supplies,537
2014-01-26,Technology,343
2014-01-27,Furniture,333
2014-01-27,Office Supplies,93
2014-01-28,Office Supplies,4
2014-01-30,Office Supplies,241
2014-01-31,Furniture,291
2014-02-01,Technology,469
2014-02-02,Office Supplies,30
2014-02-02,Technology,181
2014-02-03,Office Supplies,97
2014-02-04,Office Supplies,134
2014-02-06,Office Supplies,24
2014-02-06,Technology,307
2014-02-07,Office Supplies,65
2014-02-07,Technology,115
2014-02-08,Furniture,15
2014-02-11,Furniture,1650
2014-02-11,Office Supplies,159
2014-02-11,Technology,234
2014-02-12,Furniture,130
2014-02-14,Office Supplies,337
2014-02-14,Technology,240
2014-02-15,Office Supplies,21
2014-02-16,Office Supplies,9
2014-02-17,Office Supplies,54
2014-02-18,Furniture,25
2014-02-18,Office Supplies,13
2014-02-20,Furniture,20
2014-02-20,Office Supplies,13
2014-02-20,Technology,62
2014-02-21,Office Supplies,9
2014-02-22,Office Supplies,19
2014-02-23,Office Supplies,11
2014-02-24,Office Supplies,56
2014-02-27,Office Supplies,19
2014-03-01,Furniture,1895
2014-03-01,Office Supplies,303
2014-03-01,Technology,6
2014-03-02,Office Supplies,50
2014-03-02,Technology,151
2014-03-03,Furniture,928
2014-03-03,Office Supplies,407
2014-03-03,Technology,10
2014-03-04,Office Supplies,371
2014-03-05,Office Supplies,227
2014-03-05,Technology,480
2014-03-07,Furniture,968
2014-03-07,Office Supplies,595
2014-03-10,Office Supplies,741
2014-03-11,Furniture,8
2014-03-11,Office Supplies,289
2014-03-11,Technology,621
2014-03-14,Furniture,1140
2014-03-14,Office Supplies,310
2014-03-14,Technology,658
2014-03-15,Furniture,46
2014-03-15,Office Supplies,325
2014-03-16,Technology,472
2014-03-17,Furniture,3266
2014-03-17,Office Supplies,695
2014-03-18,Furniture,1462
2014-03-18,Office Supplies,1904
2014-03-18,Technology,24739
2014-03-19,Furniture,25
2014-03-19,Office Supplies,72
2014-03-19,Technology,494
2014-03-21,Furniture,251
2014-03-21,Office Supplies,357
2014-03-21,Technology,3500
2014-03-22,Furniture,314
2014-03-22,Office Supplies,149
2014-03-23,Office Supplies,340
2014-03-23,Technology,605
2014-03-24,Furniture,40
2014-03-24,Office Supplies,25
2014-03-25,Furniture,367
2014-03-25,Office Supplies,47
2014-03-25,Technology,45
2014-03-26,Office Supplies,50
2014-03-26,Technology,95
2014-03-28,Furniture,1516
2014-03-28,Office Supplies,6
2014-03-28,Technology,302
2014-03-29,Furniture,891
2014-03-30,Furniture,333
2014-03-30,Office Supplies,585
2014-03-30,Technology,252
2014-03-31,Furniture,1125
2014-03-31,Office Supplies,1606
2014-03-31,Technology,80
2014-04-01,Office Supplies,120
2014-04-02,Furniture,178
2014-04-02,Office Supplies,231
2014-04-02,Technology,1050
2014-04-03,Office Supplies,11
2014-04-03,Technology,222
2014-04-04,Furniture,5
2014-04-04,Office Supplies,370
2014-04-04,Technology,100
2014-04-05,Office Supplies,5266
2014-04-05,Technology,29
2014-04-06,Furniture,934
2014-04-06,Office Supplies,266
2014-04-06,Technology,451
2014-04-07,Furniture,9
2014-04-07,Office Supplies,181
2014-04-07,Technology,831
2014-04-08,Furniture,1488
2014-04-08,Office Supplies,71
2014-04-08,Technology,400
2014-04-11,Office Supplies,114
2014-04-11,Technology,1801
2014-04-12,Furniture,308
2014-04-12,Office Supplies,90
2014-04-12,Technology,1513
2014-04-13,Office Supplies,567
2014-04-13,Technology,72
2014-04-15,Furniture,188
2014-04-15,Office Supplies,107
2014-04-16,Office Supplies,39
2014-04-18,Furniture,317
2014-04-18,Office Supplies,188
2014-04-18,Technology,516
2014-04-19,Furniture,76
2014-04-19,Office Supplies,129
2014-04-20,Furniture,1206
2014-04-20,Office Supplies,45
2014-04-21,Office Supplies,846
2014-04-22,Office Supplies,258
2014-04-23,Furniture,584
2014-04-23,Office Supplies,59
2014-04-25,Furniture,1790
2014-04-25,Office Supplies,287
2014-04-25,Technology,302
2014-04-26,Furniture,230
2014-04-26,Office Supplies,52
2014-04-28,Office Supplies,739
2014-04-28,Technology,1840
2014-04-29,Furniture,631
2014-04-29,Office Supplies,118
2014-04-29,Technology,20
2014-04-30,Office Supplies,1001
2014-04-30,Technology,48
2014-05-02,Office Supplies,26
2014-05-02,Technology,480
2014-05-03,Office Supplies,73
2014-05-04,Furniture,39
2014-05-04,Office Supplies,148
2014-05-05,Furniture,128
2014-05-05,Office Supplies,133
2014-05-06,Office Supplies,255
2014-05-07,Furniture,1066
2014-05-07,Office Supplies,25
2014-05-08,Technology,1800
2014-05-09,Office Supplies,158
2014-05-09,Technology,236
2014-05-10,Furniture,607
2014-05-10,Office Supplies,261
2014-05-10,Technology,1476
2014-05-11,Furniture,1279
2014-05-11,Office Supplies,158
2014-05-11,Technology,206
2014-05-12,Furniture,735
2014-05-13,Furniture,279
2014-05-13,Office Supplies,469
2014-05-13,Technology,150
2014-05-14,Furniture,311
2014-05-16,Furniture,233
2014-05-16,Technology,56
2014-05-17,Office Supplies,92
2014-05-18,Furniture,149
2014-05-18,Office Supplies,20
2014-05-18,Technology,780
2014-05-19,Office Supplies,91
2014-05-20,Furniture,150
2014-05-20,Office Supplies,149
2014-05-20,Technology,21
2014-05-21,Furniture,108
2014-05-21,Office Supplies,3539
2014-05-21,Technology,618
2014-05-22,Technology,181
2014-05-23,Office Supplies,268
2014-05-23,Technology,55
2014-05-24,Office Supplies,116
2014-05-25,Furniture,29
2014-05-25,Office Supplies,91
2014-05-26,Furniture,876
2014-05-26,Office Supplies,164
2014-05-26,Technology,286
2014-05-27,Furniture,567
2014-05-27,Office Supplies,376
2014-05-27,Technology,1214
2014-05-28,Office Supplies,137
2014-05-28,Technology,85
2014-05-30,Furniture,355
2014-05-30,Office Supplies,386
2014-05-30,Technology,1184
2014-05-31,Technology,774
2014-06-01,Furniture,2024
2014-06-01,Office Supplies,2283
2014-06-01,Technology,882
2014-06-02,Furniture,73
2014-06-02,Office Supplies,426
2014-06-02,Technology,240
2014-06-03,Furniture,578
2014-06-03,Office Supplies,164
2014-06-04,Furniture,425
2014-06-04,Office Supplies,32
2014-06-06,Furniture,992
2014-06-06,Office Supplies,382
2014-06-07,Furniture,269
2014-06-07,Office Supplies,12
2014-06-08,Furniture,756
2014-06-08,Office Supplies,1745
2014-06-09,Furniture,3233
2014-06-09,Office Supplies,338
2014-06-09,Technology,1890
2014-06-10,Office Supplies,492
2014-06-13,Office Supplies,15
2014-06-14,Furniture,213
2014-06-15,Furniture,898
2014-06-15,Office Supplies,46
2014-06-16,Furniture,648
2014-06-16,Office Supplies,116
2014-06-17,Furniture,6
2014-06-17,Office Supplies,3346
2014-06-17,Technology,66
2014-06-18,Technology,140
2014-06-20,Furniture,193
2014-06-20,Office Supplies,1016
2014-06-20,Technology,621
2014-06-21,Furniture,108
2014-06-21,Office Supplies,256
2014-06-21,Technology,3744
2014-06-22,Furniture,1024
2014-06-22,Office Supplies,672
2014-06-22,Technology,280
2014-06-23,Office Supplies,23
2014-06-23,Technology,86
2014-06-24,Furniture,4
2014-06-25,Furniture,448
2014-06-25,Office Supplies,81
2014-06-25,Technology,264
2014-06-27,Furniture,86
2014-06-27,Office Supplies,306
2014-06-27,Technology,224
2014-06-28,Furniture,1228
2014-06-28,Office Supplies,417
2014-06-29,Office Supplies,47
2014-06-30,Office Supplies,740
2014-07-01,Office Supplies,25
2014-07-01,Technology,576
2014-07-02,Office Supplies,6
2014-07-02,Technology,74
2014-07-04,Office Supplies,248
2014-07-05,Furniture,233
2014-07-05,Office Supplies,731
2014-07-05,Technology,480
2014-07-06,Furniture,478
2014-07-06,Technology,560
2014-07-07,Furniture,241
2014-07-08,Furniture,566
2014-07-08,Office Supplies,197
2014-07-09,Furniture,120
2014-07-09,Office Supplies,145
2014-07-11,Furniture,979
2014-07-11,Office Supplies,268
2014-07-11,Technology,939
2014-07-12,Furniture,1333
2014-07-12,Office Supplies,346
2014-07-12,Technology,280
2014-07-13,Furniture,351
2014-07-14,Furniture,32
2014-07-14,Office Supplies,185
2014-07-14,Technology,75
2014-07-15,Office Supplies,7
2014-07-15,Technology,3
2014-07-18,Furniture,259
2014-07-18,Office Supplies,14
2014-07-19,Furniture,71
2014-07-19,Office Supplies,31
2014-07-19,Technology,360
2014-07-20,Furniture,1041
2014-07-20,Office Supplies,1203
2014-07-20,Technology,42
2014-07-21,Furniture,1733
2014-07-21,Office Supplies,193
2014-07-21,Technology,36
2014-07-22,Furniture,888
2014-07-22,Office Supplies,301
2014-07-22,Technology,160
2014-07-23,Office Supplies,58
2014-07-23,Technology,2555
2014-07-25,Furniture,78
2014-07-25,Office Supplies,8264
2014-07-26,Furniture,919
2014-07-26,Office Supplies,2496
2014-07-26,Technology,1626
2014-07-27,Office Supplies,342
2014-07-27,Technology,238
2014-07-28,Furniture,130
2014-07-28,Office Supplies,63
2014-07-30,Furniture,1368
2014-08-01,Furniture,44
2014-08-01,Office Supplies,185
2014-08-02,Office Supplies,865
2014-08-02,Technology,21
2014-08-03,Furniture,219
2014-08-03,Office Supplies,259
2014-08-04,Office Supplies,2088
2014-08-04,Technology,655
2014-08-05,Furniture,1962
2014-08-05,Office Supplies,294
2014-08-05,Technology,152
2014-08-06,Technology,263
2014-08-08,Furniture,658
2014-08-08,Office Supplies,705
2014-08-08,Technology,2592
2014-08-09,Office Supplies,2117
2014-08-09,Technology,1488
2014-08-11,Furniture,12
2014-08-11,Office Supplies,439
2014-08-12,Furniture,85
2014-08-12,Office Supplies,509
2014-08-12,Technology,1238
2014-08-15,Furniture,195
2014-08-15,Office Supplies,647
2014-08-16,Furniture,853
2014-08-17,Office Supplies,161
2014-08-17,Technology,340
2014-08-19,Furniture,928
2014-08-19,Office Supplies,511
2014-08-20,Furniture,921
2014-08-20,Office Supplies,917
2014-08-22,Office Supplies,24
2014-08-23,Furniture,4
2014-08-23,Office Supplies,418
2014-08-23,Technology,144
2014-08-24,Furniture,13
2014-08-24,Office Supplies,47
2014-08-25,Furniture,6
2014-08-25,Office Supplies,343
2014-08-25,Technology,1103
2014-08-26,Furniture,11
2014-08-26,Office Supplies,29
2014-08-26,Technology,327
2014-08-27,Furniture,1232
2014-08-27,Office Supplies,45
2014-08-27,Technology,793
2014-08-29,Furniture,174
2014-08-29,Office Supplies,658
2014-08-30,Office Supplies,121
2014-08-31,Technology,93
2014-09-01,Office Supplies,113
2014-09-01,Technology,357
2014-09-02,Furniture,71
2014-09-02,Office Supplies,1908
2014-09-02,Technology,1276
2014-09-03,Office Supplies,22
2014-09-05,Furniture,32
2014-09-05,Office Supplies,264
2014-09-06,Furniture,42
2014-09-06,Office Supplies,58
2014-09-07,Furniture,1715
2014-09-07,Office Supplies,652
2014-09-07,Technology,1159
2014-09-08,Furniture,3856
2014-09-08,Office Supplies,1694
2014-09-08,Technology,8681
2014-09-09,Furniture,864
2014-09-09,Office Supplies,1680
2014-09-09,Technology,1501
2014-09-10,Furniture,1742
2014-09-10,Office Supplies,114
2014-09-11,Furniture,128
2014-09-12,Furniture,3826
2014-09-12,Office Supplies,936
2014-09-12,Technology,142
2014-09-13,Furniture,354
2014-09-13,Office Supplies,207
2014-09-13,Technology,715
2014-09-14,Furniture,629
2014-09-14,Office Supplies,1288
2014-09-14,Technology,3105
2014-09-15,Furniture,119
2014-09-15,Office Supplies,15
2014-09-16,Office Supplies,34
2014-09-17,Furniture,35
2014-09-17,Office Supplies,651
2014-09-17,Technology,134
2014-09-19,Furniture,961
2014-09-19,Office Supplies,173
2014-09-19,Technology,8205
2014-09-20,Furniture,3072
2014-09-20,Office Supplies,214
2014-09-20,Technology,2051
2014-09-21,Furniture,9
2014-09-21,Office Supplies,385
2014-09-21,Technology,2286
2014-09-22,Furniture,677
2014-09-22,Office Supplies,564
2014-09-23,Furniture,436
2014-09-23,Office Supplies,10141
2014-09-23,Technology,84
2014-09-24,Office Supplies,212
2014-09-25,Furniture,301
2014-09-25,Office Supplies,55
2014-09-26,Furniture,753
2014-09-26,Office Supplies,1446
2014-09-26,Technology,157
2014-09-27,Furniture,692
2014-09-27,Office Supplies,82
2014-09-28,Furniture,337
2014-09-28,Office Supplies,153
2014-09-29,Furniture,3153
2014-09-29,Office Supplies,4270
2014-09-29,Technology,686
2014-09-30,Furniture,15
2014-09-30,Office Supplies,972
2014-10-01,Office Supplies,5
2014-10-02,Office Supplies,42
2014-10-02,Technology,555
2014-10-03,Furniture,555
2014-10-03,Office Supplies,164
2014-10-03,Technology,142
2014-10-04,Furniture,589
2014-10-04,Office Supplies,139
2014-10-05,Office Supplies,92
2014-10-05,Technology,100
2014-10-06,Office Supplies,485
2014-10-06,Technology,9
2014-10-07,Furniture,130
2014-10-07,Office Supplies,107
2014-10-08,Office Supplies,124
2014-10-08,Technology,23
2014-10-09,Office Supplies,234
2014-10-09,Technology,16
2014-10-10,Furniture,169
2014-10-10,Office Supplies,1199
2014-10-10,Technology,1578
2014-10-11,Furniture,506
2014-10-11,Office Supplies,530
2014-10-11,Technology,345
2014-10-12,Office Supplies,58
2014-10-13,Furniture,1545
2014-10-13,Office Supplies,619
2014-10-13,Technology,49
2014-10-14,Furniture,1629
2014-10-14,Office Supplies,719
2014-10-14,Technology,2177
2014-10-15,Furniture,198
2014-10-15,Office Supplies,8
2014-10-16,Office Supplies,14
2014-10-16,Technology,180
2014-10-17,Furniture,5
2014-10-17,Office Supplies,11
2014-10-17,Technology,120
2014-10-18,Furniture,1151
2014-10-18,Office Supplies,589
2014-10-18,Technology,1395
2014-10-19,Office Supplies,202
2014-10-19,Technology,440
2014-10-20,Furniture,329
2014-10-20,Office Supplies,852
2014-10-20,Technology,320
2014-10-21,Furniture,1001
2014-10-21,Office Supplies,356
2014-10-22,Furniture,224
2014-10-24,Office Supplies,56
2014-10-25,Office Supplies,63
2014-10-25,Technology,41
2014-10-26,Furniture,64
2014-10-26,Technology,384
2014-10-27,Office Supplies,22
2014-10-28,Furniture,617
2014-10-28,Office Supplies,635
2014-10-28,Technology,258
2014-10-29,Office Supplies,76
2014-10-29,Technology,2738
2014-10-31,Furniture,3592
2014-10-31,Office Supplies,702
2014-10-31,Technology,1068
2014-11-01,Furniture,101
2014-11-01,Office Supplies,1513
2014-11-01,Technology,3119
2014-11-02,Furniture,89
2014-11-02,Office Supplies,417
2014-11-02,Technology,1620
2014-11-03,Furniture,1355
2014-11-03,Office Supplies,555
2014-11-03,Technology,874
2014-11-04,Furniture,745
2014-11-04,Office Supplies,206
2014-11-04,Technology,5742
2014-11-05,Furniture,444
2014-11-05,Office Supplies,1093
2014-11-05,Technology,158
2014-11-06,Office Supplies,44
2014-11-07,Furniture,683
2014-11-07,Office Supplies,766
2014-11-08,Technology,334
2014-11-09,Furniture,280
2014-11-09,Office Supplies,592
2014-11-09,Technology,704
2014-11-10,Furniture,657
2014-11-10,Office Supplies,733
2014-11-10,Technology,613
2014-11-11,Furniture,2072
2014-11-11,Office Supplies,4415
2014-11-11,Technology,1627
2014-11-12,Furniture,722
2014-11-12,Office Supplies,126
2014-11-12,Technology,208
2014-11-14,Furniture,69
2014-11-14,Office Supplies,133
2014-11-14,Technology,833
2014-11-15,Furniture,10
2014-11-15,Office Supplies,998
2014-11-15,Technology,772
2014-11-16,Furniture,343
2014-11-16,Office Supplies,658
2014-11-16,Technology,354
2014-11-17,Furniture,5270
2014-11-17,Office Supplies,6173
2014-11-17,Technology,100
2014-11-18,Furniture,2192
2014-11-18,Office Supplies,666
2014-11-18,Technology,550
2014-11-19,Furniture,1026
2014-11-19,Office Supplies,638
2014-11-19,Technology,5561
2014-11-20,Office Supplies,74
2014-11-20,Technology,834
2014-11-21,Office Supplies,850
2014-11-21,Technology,400
2014-11-22,Office Supplies,1103
2014-11-23,Furniture,1146
2014-11-23,Office Supplies,181
2014-11-23,Technology,36
2014-11-24,Furniture,1030
2014-11-24,Office Supplies,1886
2014-11-24,Technology,2664
2014-11-25,Furniture,2303
2014-11-25,Office Supplies,1549
2014-11-25,Technology,565
2014-11-26,Furniture,19
2014-11-26,Office Supplies,969
2014-11-26,Technology,718
2014-11-27,Furniture,200
2014-11-27,Office Supplies,4
2014-11-28,Furniture,809
2014-11-28,Office Supplies,333
2014-11-28,Technology,1139
2014-11-29,Office Supplies,73
2014-11-29,Technology,576
2014-11-30,Office Supplies,117
2014-11-30,Technology,102
2014-12-01,Furniture,4514
2014-12-01,Office Supplies,83
2014-12-01,Technology,1028
2014-12-02,Furniture,1283
2014-12-02,Office Supplies,243
2014-12-02,Technology,246
2014-12-03,Office Supplies,26
2014-12-03,Technology,480
2014-12-04,Technology,130
2014-12-05,Office Supplies,2169
2014-12-05,Technology,794
2014-12-06,Furniture,525
2014-12-06,Office Supplies,1410
2014-12-06,Technology,35
2014-12-07,Office Supplies,549
2014-12-08,Furniture,723
2014-12-08,Office Supplies,215
2014-12-08,Technology,157
2014-12-09,Office Supplies,443
2014-12-09,Technology,1080
2014-12-10,Furniture,338
2014-12-10,Office Supplies,234
2014-12-12,Furniture,4696
2014-12-12,Office Supplies,242
2014-12-13,Furniture,182
2014-12-13,Office Supplies,110
2014-12-14,Furniture,323
2014-12-14,Office Supplies,20
2014-12-14,Technology,7299
2014-12-15,Furniture,1224
2014-12-15,Technology,41
2014-12-16,Furniture,2799
2014-12-16,Office Supplies,153
2014-12-16,Technology,1442
2014-12-17,Office Supplies,45
2014-12-19,Furniture,1820
2014-12-19,Office Supplies,252
2014-12-19,Technology,1367
2014-12-20,Furniture,4039
2014-12-20,Office Supplies,2336
2014-12-20,Technology,585
2014-12-21,Furniture,1898
2014-12-21,Office Supplies,35
2014-12-22,Office Supplies,799
2014-12-23,Furniture,118
2014-12-23,Office Supplies,824
2014-12-24,Furniture,346
2014-12-24,Office Supplies,549
2014-12-24,Technology,1055
2014-12-26,Furniture,1352
2014-12-26,Office Supplies,690
2014-12-27,Furniture,1212
2014-12-27,Office Supplies,1256
2014-12-27,Technology,498
2014-12-28,Office Supplies,3732
2014-12-29,Furniture,144
2014-12-29,Office Supplies,505
2014-12-29,Technology,1424
2014-12-30,Furniture,524
2014-12-30,Office Supplies,774
2014-12-30,Technology,875
2014-12-31,Furniture,2584
2014-12-31,Office Supplies,310
2014-12-31,Technology,2361
2015-01-02,Furniture,452
2015-01-02,Office Supplies,140
2015-01-02,Technology,1341
2015-01-03,Furniture,1352
2015-01-03,Office Supplies,17
2015-01-03,Technology,398
2015-01-04,Furniture,192
2015-01-04,Office Supplies,72
2015-01-05,Furniture,62
2015-01-05,Office Supplies,233
2015-01-06,Office Supplies,32
2015-01-09,Office Supplies,364
2015-01-10,Furniture,1018
2015-01-12,Office Supplies,475
2015-01-12,Technology,378
2015-01-13,Furniture,543
2015-01-13,Office Supplies,80
2015-01-17,Furniture,255
2015-01-17,Office Supplies,96
2015-01-19,Furniture,301
2015-01-23,Office Supplies,44
2015-01-24,Office Supplies,13
2015-01-26,Office Supplies,183
2015-01-27,Furniture,2986
2015-01-27,Technology,587
2015-01-28,Furniture,4298
2015-01-30,Furniture,227
2015-01-30,Office Supplies,14
2015-01-30,Technology,1920
2015-01-31,Furniture,53
2015-01-31,Office Supplies,46
2015-02-03,Furniture,256
2015-02-03,Office Supplies,87
2015-02-03,Technology,150
2015-02-06,Furniture,1553
2015-02-06,Office Supplies,862
2015-02-06,Technology,19
2015-02-07,Office Supplies,324
2015-02-08,Office Supplies,22
2015-02-08,Technology,108
2015-02-09,Furniture,245
2015-02-09,Office Supplies,40
2015-02-09,Technology,501
2015-02-10,Office Supplies,77
2015-02-14,Office Supplies,57
2015-02-14,Technology,1022
2015-02-15,Office Supplies,627
2015-02-15,Technology,975
2015-02-16,Office Supplies,161
2015-02-18,Furniture,36
2015-02-18,Office Supplies,70
2015-02-20,Office Supplies,287
2015-02-20,Technology,30
2015-02-21,Office Supplies,2591
2015-02-22,Office Supplies,79
2015-02-23,Office Supplies,38
2015-02-25,Office Supplies,26
2015-02-27,Furniture,494
2015-02-27,Office Supplies,20
2015-02-27,Technology,645
2015-02-28,Furniture,552
2015-03-01,Furniture,1413
2015-03-01,Office Supplies,118
2015-03-01,Technology,112
2015-03-02,Furniture,788
2015-03-02,Office Supplies,112
2015-03-05,Furniture,522
2015-03-05,Office Supplies,915
2015-03-05,Technology,532
2015-03-06,Furniture,435
2015-03-06,Technology,1120
2015-03-07,Office Supplies,99
2015-03-07,Technology,708
2015-03-08,Furniture,1747
2015-03-08,Office Supplies,46
2015-03-08,Technology,770
2015-03-09,Office Supplies,5
2015-03-09,Technology,474
2015-03-10,Office Supplies,91
2015-03-12,Furniture,37
2015-03-12,Office Supplies,14
2015-03-13,Furniture,1385
2015-03-14,Office Supplies,708
2015-03-15,Technology,17
2015-03-16,Furniture,215
2015-03-16,Office Supplies,6930
2015-03-16,Technology,86
2015-03-17,Office Supplies,34
2015-03-17,Technology,15
2015-03-19,Furniture,383
2015-03-19,Office Supplies,1667
2015-03-19,Technology,3604
2015-03-20,Office Supplies,1349
2015-03-20,Technology,200
2015-03-21,Office Supplies,1270
2015-03-22,Furniture,92
2015-03-22,Office Supplies,420
2015-03-22,Technology,1970
2015-03-23,Furniture,108
2015-03-23,Office Supplies,286
2015-03-23,Technology,240
2015-03-24,Furniture,406
2015-03-24,Office Supplies,7
2015-03-26,Furniture,3394
2015-03-26,Office Supplies,1212
2015-03-26,Technology,17
2015-03-27,Office Supplies,84
2015-03-28,Office Supplies,77
2015-03-28,Technology,166
2015-03-29,Furniture,1187
2015-03-29,Office Supplies,320
2015-03-29,Technology,53
2015-03-30,Furniture,367
2015-03-30,Office Supplies,24
2015-03-30,Technology,181
2015-03-31,Furniture,22
2015-03-31,Office Supplies,98
2015-03-31,Technology,80
2015-04-02,Office Supplies,41
2015-04-02,Technology,258
2015-04-04,Furniture,108
2015-04-04,Office Supplies,765
2015-04-04,Technology,611
2015-04-05,Furniture,1799
2015-04-05,Office Supplies,878
2015-04-05,Technology,297
2015-04-06,Office Supplies,115
2015-04-06,Technology,25
2015-04-07,Office Supplies,524
2015-04-07,Technology,384
2015-04-09,Furniture,370
2015-04-09,Office Supplies,388
2015-04-10,Office Supplies,170
2015-04-11,Furniture,122
2015-04-11,Office Supplies,460
2015-04-11,Technology,747
2015-04-12,Office Supplies,41
2015-04-13,Furniture,1812
2015-04-13,Office Supplies,203
2015-04-13,Technology,1179
2015-04-14,Office Supplies,35
2015-04-16,Furniture,1848
2015-04-16,Office Supplies,141
2015-04-16,Technology,2173
2015-04-17,Office Supplies,1539
2015-04-17,Technology,1207
2015-04-18,Furniture,153
2015-04-18,Office Supplies,1362
2015-04-18,Technology,490
2015-04-19,Office Supplies,330
2015-04-20,Furniture,595
2015-04-20,Office Supplies,311
2015-04-20,Technology,288
2015-04-21,Furniture,402
2015-04-21,Office Supplies,21
2015-04-21,Technology,470
2015-04-22,Office Supplies,64
2015-04-22,Technology,89
2015-04-24,Office Supplies,26
2015-04-25,Furniture,128
2015-04-25,Office Supplies,792
2015-04-26,Furniture,1593
2015-04-26,Office Supplies,186
2015-04-26,Technology,312
2015-04-27,Furniture,1268
2015-04-27,Office Supplies,73
2015-04-27,Technology,1380
2015-04-28,Office Supplies,4045
2015-04-29,Office Supplies,8
2015-04-30,Furniture,277
2015-04-30,Office Supplies,41
2015-04-30,Technology,1253
2015-05-01,Furniture,64
2015-05-01,Office Supplies,298
2015-05-01,Technology,89
2015-05-02,Office Supplies,9
2015-05-02,Technology,158
2015-05-03,Furniture,1510
2015-05-03,Office Supplies,322
2015-05-03,Technology,368
2015-05-04,Furniture,49
2015-05-04,Office Supplies,126
2015-05-04,Technology,946
2015-05-07,Furniture,244
2015-05-07,Office Supplies,62
2015-05-08,Furniture,339
2015-05-08,Office Supplies,464
2015-05-08,Technology,3178
2015-05-09,Office Supplies,49
2015-05-10,Office Supplies,108
2015-05-10,Technology,47
2015-05-11,Furniture,192
2015-05-12,Furniture,22
2015-05-12,Office Supplies,219
2015-05-12,Technology,821
2015-05-13,Office Supplies,16
2015-05-13,Technology,222
2015-05-14,Furniture,1453
2015-05-14,Office Supplies,1689
2015-05-15,Office Supplies,70
2015-05-16,Technology,256
2015-05-17,Office Supplies,135
2015-05-18,Office Supplies,11
2015-05-20,Furniture,163
2015-05-20,Office Supplies,6
2015-05-21,Office Supplies,73
2015-05-22,Office Supplies,113
2015-05-22,Technology,3749
2015-05-23,Furniture,75
2015-05-23,Office Supplies,1229
2015-05-24,Furniture,603
2015-05-24,Office Supplies,8
2015-05-25,Furniture,15
2015-05-25,Office Supplies,1049
2015-05-25,Technology,675
2015-05-26,Furniture,231
2015-05-26,Office Supplies,184
2015-05-26,Technology,568
2015-05-28,Office Supplies,748
2015-05-28,Technology,46
2015-05-29,Furniture,359
2015-05-29,Office Supplies,846
2015-05-30,Office Supplies,160
2015-05-30,Technology,521
2015-05-31,Furniture,4057
2015-05-31,Office Supplies,1122
2015-06-01,Office Supplies,493
2015-06-01,Technology,342
2015-06-04,Furniture,35
2015-06-04,Office Supplies,46
2015-06-04,Technology,1110
2015-06-05,Furniture,1523
2015-06-05,Office Supplies,11
2015-06-07,Office Supplies,60
2015-06-08,Furniture,173
2015-06-08,Office Supplies,906
2015-06-08,Technology,2
2015-06-09,Furniture,355
2015-06-09,Office Supplies,229
2015-06-09,Technology,213
2015-06-11,Furniture,1202
2015-06-11,Office Supplies,1869
2015-06-11,Technology,304
2015-06-12,Furniture,43
2015-06-12,Office Supplies,76
2015-06-12,Technology,56
2015-06-13,Office Supplies,160
2015-06-13,Technology,968
2015-06-14,Furniture,51
2015-06-15,Furniture,405
2015-06-15,Office Supplies,92
2015-06-15,Technology,238
2015-06-16,Furniture,197
2015-06-16,Office Supplies,3112
2015-06-16,Technology,134
2015-06-18,Furniture,779
2015-06-18,Office Supplies,637
2015-06-18,Technology,468
2015-06-19,Furniture,13
2015-06-19,Office Supplies,434
2015-06-20,Furniture,258
2015-06-20,Technology,572
2015-06-21,Technology,108
2015-06-22,Furniture,796
2015-06-22,Office Supplies,1223
2015-06-23,Furniture,27
2015-06-23,Office Supplies,171
2015-06-23,Technology,639
2015-06-25,Furniture,280
2015-06-25,Office Supplies,1560
2015-06-26,Furniture,333
2015-06-26,Office Supplies,245
2015-06-26,Technology,1014
2015-06-28,Furniture,1105
2015-06-28,Office Supplies,283
2015-06-29,Furniture,138
2015-06-29,Office Supplies,25
2015-06-29,Technology,270
2015-07-02,Furniture,950
2015-07-02,Office Supplies,608
2015-07-02,Technology,74
2015-07-03,Furniture,522
2015-07-03,Office Supplies,302
2015-07-04,Office Supplies,38
2015-07-04,Technology,1100
2015-07-05,Furniture,10
2015-07-05,Office Supplies,77
2015-07-05,Technology,35
2015-07-06,Furniture,642
2015-07-06,Office Supplies,613
2015-07-06,Technology,125
2015-07-08,Office Supplies,21
2015-07-09,Furniture,182
2015-07-09,Office Supplies,670
2015-07-09,Technology,735
2015-07-10,Office Supplies,43
2015-07-11,Furniture,856
2015-07-11,Office Supplies,369
2015-07-11,Technology,716
2015-07-12,Furniture,392
2015-07-12,Office Supplies,9
2015-07-12,Technology,1652
2015-07-13,Furniture,1931
2015-07-13,Office Supplies,103
2015-07-14,Furniture,570
2015-07-14,Office Supplies,291
2015-07-16,Furniture,2200
2015-07-16,Office Supplies,230
2015-07-16,Technology,600
2015-07-17,Furniture,427
2015-07-17,Office Supplies,20
2015-07-18,Furniture,7
2015-07-18,Office Supplies,9
2015-07-18,Technology,656
2015-07-19,Office Supplies,2
2015-07-20,Furniture,1298
2015-07-20,Office Supplies,410
2015-07-20,Technology,985
2015-07-23,Furniture,129
2015-07-23,Office Supplies,80
2015-07-24,Furniture,21
2015-07-24,Office Supplies,225
2015-07-24,Technology,280
2015-07-25,Furniture,1626
2015-07-25,Office Supplies,145
2015-07-25,Technology,624
2015-07-26,Furniture,659
2015-07-26,Office Supplies,309
2015-07-27,Technology,30
2015-07-30,Furniture,161
2015-07-30,Office Supplies,73
2015-07-30,Technology,210
2015-07-31,Furniture,1091
2015-07-31,Office Supplies,72
2015-07-31,Technology,2550
2015-08-01,Furniture,1005
2015-08-01,Office Supplies,7
2015-08-02,Furniture,389
2015-08-02,Office Supplies,14
2015-08-02,Technology,887
2015-08-05,Furniture,15
2015-08-05,Office Supplies,57
2015-08-06,Furniture,369
2015-08-06,Office Supplies,126
2015-08-07,Furniture,213
2015-08-07,Office Supplies,260
2015-08-07,Technology,495
2015-08-08,Furniture,145
2015-08-08,Office Supplies,616
2015-08-08,Technology,80
2015-08-09,Furniture,1755
2015-08-09,Office Supplies,1588
2015-08-09,Technology,1536
2015-08-10,Office Supplies,273
2015-08-10,Technology,578
2015-08-11,Furniture,46
2015-08-11,Office Supplies,12
2015-08-11,Technology,138
2015-08-13,Furniture,32
2015-08-13,Office Supplies,556
2015-08-15,Furniture,104
2015-08-15,Office Supplies,393
2015-08-16,Furniture,555
2015-08-16,Office Supplies,392
2015-08-16,Technology,2431
2015-08-17,Office Supplies,98
2015-08-17,Technology,283
2015-08-21,Furniture,1754
2015-08-21,Office Supplies,1052
2015-08-21,Technology,22
2015-08-22,Office Supplies,67
2015-08-23,Office Supplies,951
2015-08-23,Technology,252
2015-08-24,Furniture,1218
2015-08-24,Office Supplies,2176
2015-08-24,Technology,3801
2015-08-25,Furniture,69
2015-08-25,Office Supplies,110
2015-08-27,Office Supplies,640
2015-08-28,Furniture,415
2015-08-28,Office Supplies,2132
2015-08-28,Technology,3943
2015-08-29,Technology,247
2015-08-31,Furniture,1553
2015-08-31,Office Supplies,216
2015-08-31,Technology,833
2015-09-01,Furniture,185
2015-09-01,Office Supplies,1223
2015-09-01,Technology,960
2015-09-03,Furniture,368
2015-09-03,Office Supplies,1259
2015-09-03,Technology,247
2015-09-04,Office Supplies,317
2015-09-04,Technology,754
2015-09-05,Furniture,778
2015-09-05,Office Supplies,155
2015-09-06,Furniture,550
2015-09-06,Office Supplies,71
2015-09-06,Technology,384
2015-09-07,Furniture,556
2015-09-07,Office Supplies,925
2015-09-07,Technology,1442
2015-09-08,Furniture,21
2015-09-08,Office Supplies,68
2015-09-10,Furniture,649
2015-09-10,Office Supplies,768
2015-09-11,Furniture,245
2015-09-11,Office Supplies,1699
2015-09-11,Technology,20
2015-09-12,Office Supplies,206
2015-09-12,Technology,502
2015-09-13,Furniture,2918
2015-09-13,Office Supplies,328
2015-09-13,Technology,200
2015-09-14,Furniture,1083
2015-09-14,Office Supplies,1299
2015-09-14,Technology,880
2015-09-15,Furniture,1977
2015-09-15,Office Supplies,500
2015-09-15,Technology,60
2015-09-16,Office Supplies,31
2015-09-17,Furniture,10006
2015-09-17,Office Supplies,495
2015-09-17,Technology,1025
2015-09-18,Furniture,24
2015-09-18,Office Supplies,1424
2015-09-18,Technology,2477
2015-09-19,Furniture,123
2015-09-19,Office Supplies,31
2015-09-19,Technology,346
2015-09-20,Office Supplies,1836
2015-09-21,Furniture,3119
2015-09-21,Office Supplies,1433
2015-09-21,Technology,2431
2015-09-22,Furniture,253
2015-09-22,Office Supplies,912
2015-09-22,Technology,618
2015-09-24,Furniture,1941
2015-09-24,Office Supplies,1400
2015-09-24,Technology,880
2015-09-25,Furniture,1455
2015-09-25,Office Supplies,350
2015-09-25,Technology,1229
2015-09-26,Office Supplies,1378
2015-09-26,Technology,2344
2015-09-27,Furniture,24
2015-09-27,Office Supplies,487
2015-09-27,Technology,1872
2015-09-28,Office Supplies,715
2015-09-28,Technology,345
2015-10-01,Office Supplies,164
2015-10-01,Technology,994
2015-10-02,Furniture,11
2015-10-02,Office Supplies,611
2015-10-02,Technology,647
2015-10-03,Furniture,156
2015-10-03,Office Supplies,47
2015-10-03,Technology,72
2015-10-04,Furniture,458
2015-10-04,Office Supplies,48
2015-10-05,Furniture,357
2015-10-05,Office Supplies,153
2015-10-05,Technology,341
2015-10-08,Furniture,219
2015-10-08,Office Supplies,3
2015-10-09,Furniture,390
2015-10-09,Office Supplies,462
2015-10-09,Technology,1281
2015-10-10,Furniture,362
2015-10-10,Office Supplies,1886
2015-10-11,Furniture,958
2015-10-11,Office Supplies,22
2015-10-11,Technology,32
2015-10-12,Furniture,1735
2015-10-12,Office Supplies,167
2015-10-12,Technology,490
2015-10-13,Furniture,288
2015-10-13,Technology,84
2015-10-15,Furniture,2601
2015-10-15,Office Supplies,13
2015-10-15,Technology,604
2015-10-16,Technology,825
2015-10-17,Office Supplies,78
2015-10-18,Furniture,10
2015-10-18,Office Supplies,91
2015-10-18,Technology,278
2015-10-19,Office Supplies,1715
2015-10-19,Technology,420
2015-10-20,Furniture,456
2015-10-20,Office Supplies,25
2015-10-20,Technology,240
2015-10-22,Office Supplies,15
2015-10-23,Furniture,1275
2015-10-23,Office Supplies,142
2015-10-23,Technology,846
2015-10-24,Furniture,801
2015-10-24,Office Supplies,30
2015-10-25,Furniture,1126
2015-10-25,Office Supplies,139
2015-10-25,Technology,159
2015-10-26,Office Supplies,1222
2015-10-26,Technology,175
2015-10-28,Furniture,57
2015-10-28,Office Supplies,48
2015-10-29,Office Supplies,244
2015-10-30,Furniture,15
2015-10-30,Office Supplies,183
2015-10-30,Technology,1924
2015-10-31,Furniture,749
2015-10-31,Office Supplies,1166
2015-10-31,Technology,1296
2015-11-01,Furniture,1095
2015-11-01,Office Supplies,25
2015-11-01,Technology,1987
2015-11-02,Furniture,4379
2015-11-02,Office Supplies,356
2015-11-02,Technology,793
2015-11-03,Furniture,1492
2015-11-03,Office Supplies,7
2015-11-03,Technology,1303
2015-11-05,Furniture,207
2015-11-05,Office Supplies,627
2015-11-06,Office Supplies,11
2015-11-07,Furniture,971
2015-11-07,Office Supplies,1814
2015-11-07,Technology,288
2015-11-08,Furniture,5254
2015-11-08,Office Supplies,769
2015-11-08,Technology,6176
2015-11-09,Furniture,1024
2015-11-09,Office Supplies,359
2015-11-09,Technology,3236
2015-11-10,Furniture,29
2015-11-10,Office Supplies,2879
2015-11-10,Technology,630
2015-11-11,Office Supplies,542
2015-11-12,Furniture,670
2015-11-12,Office Supplies,359
2015-11-12,Technology,101
2015-11-13,Furniture,1780
2015-11-13,Office Supplies,600
2015-11-13,Technology,1210
2015-11-14,Furniture,1190
2015-11-14,Office Supplies,926
2015-11-14,Technology,397
2015-11-15,Furniture,40
2015-11-15,Office Supplies,662
2015-11-16,Furniture,1785
2015-11-16,Office Supplies,743
2015-11-16,Technology,1545
2015-11-17,Furniture,1668
2015-11-17,Office Supplies,1802
2015-11-17,Technology,416
2015-11-19,Furniture,142
2015-11-19,Office Supplies,37
2015-11-19,Technology,862
2015-11-20,Furniture,1656
2015-11-20,Office Supplies,638
2015-11-20,Technology,567
2015-11-21,Furniture,2056
2015-11-21,Office Supplies,508
2015-11-21,Technology,1052
2015-11-22,Furniture,207
2015-11-22,Office Supplies,349
2015-11-22,Technology,60
2015-11-23,Office Supplies,3143
2015-11-23,Technology,308
2015-11-24,Furniture,80
2015-11-24,Office Supplies,1125
2015-11-24,Technology,14
2015-11-25,Office Supplies,13
2015-11-26,Furniture,692
2015-11-26,Office Supplies,192
2015-11-26,Technology,600
2015-11-27,Furniture,1315
2015-11-27,Office Supplies,405
2015-11-27,Technology,1390
2015-11-28,Furniture,626
2015-11-28,Office Supplies,590
2015-11-28,Technology,648
2015-11-29,Furniture,1409
2015-11-29,Office Supplies,1329
2015-11-29,Technology,21
2015-11-30,Furniture,1115
2015-11-30,Office Supplies,411
2015-11-30,Technology,272
2015-12-01,Furniture,6601
2015-12-01,Office Supplies,530
2015-12-03,Furniture,440
2015-12-03,Office Supplies,907
2015-12-03,Technology,625
2015-12-04,Furniture,1199
2015-12-04,Office Supplies,2035
2015-12-04,Technology,1950
2015-12-05,Furniture,306
2015-12-05,Office Supplies,504
2015-12-05,Technology,87
2015-12-06,Furniture,391
2015-12-06,Office Supplies,2171
2015-12-06,Technology,3499
2015-12-07,Furniture,364
2015-12-07,Office Supplies,201
2015-12-07,Technology,774
2015-12-08,Office Supplies,599
2015-12-08,Technology,2074
2015-12-09,Office Supplies,34
2015-12-10,Furniture,1537
2015-12-10,Office Supplies,481
2015-12-10,Technology,1062
2015-12-11,Furniture,542
2015-12-11,Office Supplies,530
2015-12-11,Technology,519
2015-12-12,Furniture,515
2015-12-12,Office Supplies,610
2015-12-12,Technology,322
2015-12-13,Office Supplies,243
2015-12-13,Technology,779
2015-12-14,Furniture,324
2015-12-14,Office Supplies,163
2015-12-14,Technology,370
2015-12-15,Furniture,263
2015-12-15,Office Supplies,158
2015-12-15,Technology,5073
2015-12-16,Office Supplies,5
2015-12-17,Furniture,1246
2015-12-17,Office Supplies,537
2015-12-17,Technology,136
2015-12-18,Furniture,20
2015-12-18,Office Supplies,749
2015-12-18,Technology,166
2015-12-19,Furniture,1053
2015-12-19,Office Supplies,692
2015-12-19,Technology,4375
2015-12-20,Furniture,373
2015-12-20,Office Supplies,217
2015-12-20,Technology,517
2015-12-21,Furniture,1670
2015-12-21,Office Supplies,151
2015-12-21,Technology,1437
2015-12-22,Furniture,423
2015-12-22,Office Supplies,51
2015-12-23,Office Supplies,194
2015-12-24,Furniture,1565
2015-12-24,Office Supplies,430
2015-12-24,Technology,5492
2015-12-25,Furniture,1434
2015-12-25,Office Supplies,653
2015-12-25,Technology,2118
2015-12-26,Furniture,327
2015-12-26,Office Supplies,235
2015-12-27,Furniture,2477
2015-12-27,Office Supplies,1307
2015-12-27,Technology,1365
2015-12-28,Office Supplies,25
2015-12-28,Technology,54
2015-12-29,Office Supplies,6
2015-12-30,Office Supplies,415
2015-12-30,Technology,2837
2015-12-31,Furniture,15
2015-12-31,Office Supplies,1367
2016-01-02,Furniture,174
2016-01-02,Technology,232
2016-01-03,Furniture,1593
2016-01-03,Office Supplies,126
2016-01-03,Technology,377
2016-01-04,Office Supplies,110
2016-01-04,Technology,960
2016-01-05,Office Supplies,5
2016-01-05,Technology,250
2016-01-07,Furniture,23
2016-01-07,Office Supplies,61
2016-01-08,Furniture,1566
2016-01-08,Office Supplies,185
2016-01-08,Technology,109
2016-01-09,Furniture,15
2016-01-09,Technology,728
2016-01-10,Furniture,105
2016-01-10,Technology,70
2016-01-11,Furniture,55
2016-01-11,Office Supplies,79
2016-01-11,Technology,16
2016-01-14,Furniture,316
2016-01-14,Office Supplies,90
2016-01-15,Furniture,182
2016-01-15,Office Supplies,266
2016-01-15,Technology,255
2016-01-16,Office Supplies,12
2016-01-16,Technology,91
2016-01-17,Furniture,323
2016-01-17,Technology,718
2016-01-21,Furniture,1167
2016-01-22,Furniture,575
2016-01-22,Office Supplies,177
2016-01-22,Technology,165
2016-01-23,Furniture,60
2016-01-23,Office Supplies,1572
2016-01-23,Technology,100
2016-01-24,Office Supplies,31
2016-01-25,Furniture,360
2016-01-25,Office Supplies,499
2016-01-28,Office Supplies,40
2016-01-30,Furniture,1110
2016-01-30,Office Supplies,558
2016-01-30,Technology,1440
2016-01-31,Office Supplies,1492
2016-01-31,Technology,110
2016-02-01,Office Supplies,162
2016-02-02,Furniture,93
2016-02-02,Office Supplies,154
2016-02-02,Technology,8750
2016-02-03,Furniture,866
2016-02-04,Furniture,14
2016-02-04,Office Supplies,93
2016-02-04,Technology,90
2016-02-05,Furniture,817
2016-02-05,Office Supplies,1428
2016-02-05,Technology,750
2016-02-06,Furniture,132
2016-02-07,Office Supplies,38
2016-02-07,Technology,724
2016-02-08,Furniture,242
2016-02-08,Technology,1128
2016-02-09,Technology,122
2016-02-11,Technology,70
2016-02-12,Office Supplies,1366
2016-02-13,Office Supplies,147
2016-02-14,Furniture,561
2016-02-14,Office Supplies,277
2016-02-15,Office Supplies,407
2016-02-16,Furniture,936
2016-02-16,Office Supplies,110
2016-02-16,Technology,90
2016-02-19,Furniture,44
2016-02-19,Office Supplies,349
2016-02-20,Office Supplies,16
2016-02-21,Furniture,205
2016-02-21,Office Supplies,1266
2016-02-21,Technology,53
2016-02-22,Office Supplies,501
2016-02-22,Technology,482
2016-02-23,Office Supplies,58
2016-02-25,Office Supplies,47
2016-02-27,Furniture,16
2016-02-27,Office Supplies,228
2016-02-28,Office Supplies,36
2016-02-29,Office Supplies,111
2016-03-01,Furniture,837
2016-03-01,Office Supplies,389
2016-03-01,Technology,5060
2016-03-03,Furniture,1236
2016-03-03,Office Supplies,4651
2016-03-03,Technology,1377
2016-03-04,Office Supplies,155
2016-03-04,Technology,160
2016-03-05,Office Supplies,162
2016-03-06,Furniture,305
2016-03-06,Office Supplies,6
2016-03-06,Technology,500
2016-03-07,Technology,21
2016-03-08,Furniture,216
2016-03-08,Office Supplies,474
2016-03-08,Technology,1501
2016-03-09,Furniture,355
2016-03-09,Office Supplies,81
2016-03-09,Technology,200
2016-03-10,Furniture,177
2016-03-10,Office Supplies,120
2016-03-10,Technology,7584
2016-03-11,Furniture,351
2016-03-11,Office Supplies,498
2016-03-11,Technology,46
2016-03-12,Furniture,770
2016-03-12,Office Supplies,925
2016-03-13,Furniture,1101
2016-03-13,Office Supplies,6194
2016-03-13,Technology,1572
2016-03-14,Furniture,477
2016-03-14,Office Supplies,193
2016-03-15,Furniture,1880
2016-03-15,Office Supplies,393
2016-03-15,Technology,84
2016-03-17,Furniture,972
2016-03-17,Office Supplies,1175
2016-03-17,Technology,215
2016-03-18,Furniture,190
2016-03-18,Office Supplies,872
2016-03-19,Furniture,107
2016-03-19,Office Supplies,31
2016-03-20,Furniture,783
2016-03-20,Office Supplies,48
2016-03-20,Technology,97
2016-03-21,Furniture,627
2016-03-21,Office Supplies,17
2016-03-22,Furniture,168
2016-03-22,Technology,59
2016-03-24,Furniture,301
2016-03-24,Office Supplies,41
2016-03-24,Technology,403
2016-03-25,Office Supplies,60
2016-03-25,Technology,1287
2016-03-26,Office Supplies,563
2016-03-26,Technology,120
2016-03-27,Furniture,60
2016-03-27,Office Supplies,33
2016-03-28,Office Supplies,125
2016-03-29,Furniture,1558
2016-03-29,Office Supplies,130
2016-03-29,Technology,971
2016-03-30,Office Supplies,11
2016-03-31,Furniture,328
2016-03-31,Technology,313
2016-04-01,Furniture,1324
2016-04-01,Office Supplies,790
2016-04-01,Technology,48
2016-04-02,Furniture,1455
2016-04-03,Furniture,71
2016-04-03,Office Supplies,110
2016-04-03,Technology,260
2016-04-04,Furniture,83
2016-04-04,Office Supplies,648
2016-04-04,Technology,240
2016-04-05,Office Supplies,927
2016-04-05,Technology,119
2016-04-06,Technology,1295
2016-04-07,Furniture,659
2016-04-07,Office Supplies,113
2016-04-07,Technology,1200
2016-04-08,Furniture,1025
2016-04-08,Office Supplies,1450
2016-04-08,Technology,432
2016-04-09,Furniture,557
2016-04-09,Office Supplies,40
2016-04-09,Technology,518
2016-04-10,Office Supplies,952
2016-04-12,Furniture,1176
2016-04-12,Office Supplies,366
2016-04-13,Office Supplies,6
2016-04-14,Furniture,1318
2016-04-14,Office Supplies,149
2016-04-15,Furniture,1122
2016-04-15,Office Supplies,380
2016-04-15,Technology,701
2016-04-16,Furniture,10
2016-04-16,Office Supplies,190
2016-04-16,Technology,9135
2016-04-17,Furniture,355
2016-04-17,Office Supplies,29
2016-04-17,Technology,37
2016-04-18,Furniture,472
2016-04-18,Office Supplies,2013
2016-04-18,Technology,30
2016-04-19,Furniture,205
2016-04-19,Office Supplies,1142
2016-04-19,Technology,66
2016-04-21,Office Supplies,271
2016-04-22,Furniture,1416
2016-04-22,Office Supplies,350
2016-04-23,Office Supplies,620
2016-04-23,Technology,100
2016-04-24,Furniture,1326
2016-04-24,Office Supplies,23
2016-04-24,Technology,259
2016-04-25,Office Supplies,26
2016-04-25,Technology,83
2016-04-26,Furniture,435
2016-04-28,Furniture,72
2016-04-28,Office Supplies,45
2016-04-28,Technology,370
2016-04-30,Furniture,135
2016-04-30,Office Supplies,8
2016-05-01,Furniture,371
2016-05-01,Office Supplies,147
2016-05-02,Furniture,782
2016-05-02,Office Supplies,317
2016-05-03,Furniture,52
2016-05-03,Office Supplies,257
2016-05-03,Technology,790
2016-05-05,Furniture,2073
2016-05-05,Office Supplies,205
2016-05-05,Technology,423
2016-05-06,Furniture,97
2016-05-06,Office Supplies,114
2016-05-06,Technology,26
2016-05-07,Furniture,507
2016-05-07,Office Supplies,129
2016-05-07,Technology,4200
2016-05-08,Furniture,212
2016-05-08,Office Supplies,1070
2016-05-08,Technology,58
2016-05-09,Office Supplies,1171
2016-05-09,Technology,113
2016-05-10,Office Supplies,19
2016-05-10,Technology,744
2016-05-11,Office Supplies,6
2016-05-12,Furniture,10
2016-05-12,Office Supplies,157
2016-05-12,Technology,752
2016-05-14,Furniture,109
2016-05-14,Office Supplies,117
2016-05-14,Technology,230
2016-05-15,Office Supplies,649
2016-05-16,Furniture,283
2016-05-16,Office Supplies,598
2016-05-17,Furniture,196
2016-05-17,Office Supplies,152
2016-05-18,Office Supplies,122
2016-05-19,Furniture,718
2016-05-19,Office Supplies,865
2016-05-20,Furniture,1049
2016-05-20,Office Supplies,59
2016-05-20,Technology,1364
2016-05-21,Office Supplies,201
2016-05-21,Technology,2517
2016-05-22,Furniture,174
2016-05-22,Office Supplies,705
2016-05-22,Technology,920
2016-05-23,Furniture,37
2016-05-23,Office Supplies,21
2016-05-23,Technology,10502
2016-05-24,Office Supplies,279
2016-05-25,Furniture,25
2016-05-25,Office Supplies,1287
2016-05-26,Furniture,941
2016-05-26,Office Supplies,339
2016-05-26,Technology,695
2016-05-27,Furniture,3536
2016-05-27,Office Supplies,1769
2016-05-28,Furniture,390
2016-05-28,Office Supplies,771
2016-05-28,Technology,976
2016-05-29,Furniture,45
2016-05-29,Office Supplies,38
2016-05-29,Technology,980
2016-05-30,Furniture,3293
2016-05-30,Office Supplies,1438
2016-05-30,Technology,3362
2016-05-31,Furniture,223
2016-05-31,Office Supplies,35
2016-05-31,Technology,180
2016-06-02,Office Supplies,158
2016-06-03,Furniture,71
2016-06-04,Furniture,811
2016-06-04,Office Supplies,124
2016-06-04,Technology,1382
2016-06-05,Office Supplies,660
2016-06-06,Furniture,549
2016-06-06,Office Supplies,1091
2016-06-06,Technology,4387
2016-06-07,Office Supplies,52
2016-06-09,Furniture,815
2016-06-09,Technology,873
2016-06-10,Furniture,1336
2016-06-10,Office Supplies,77
2016-06-11,Furniture,916
2016-06-11,Office Supplies,78
2016-06-11,Technology,630
2016-06-12,Furniture,433
2016-06-12,Office Supplies,1455
2016-06-12,Technology,1076
2016-06-13,Office Supplies,53
2016-06-13,Technology,378
2016-06-14,Furniture,3353
2016-06-14,Office Supplies,56
2016-06-14,Technology,47
2016-06-15,Office Supplies,173
2016-06-16,Office Supplies,55
2016-06-16,Technology,91
2016-06-17,Furniture,1685
2016-06-17,Office Supplies,719
2016-06-17,Technology,597
2016-06-18,Office Supplies,543
2016-06-19,Office Supplies,17
2016-06-20,Furniture,220
2016-06-20,Office Supplies,842
2016-06-20,Technology,170
2016-06-21,Furniture,354
2016-06-21,Office Supplies,1059
2016-06-23,Office Supplies,1613
2016-06-23,Technology,862
2016-06-24,Office Supplies,355
2016-06-24,Technology,4956
2016-06-25,Furniture,540
2016-06-25,Office Supplies,353
2016-06-26,Furniture,60
2016-06-26,Office Supplies,1549
2016-06-26,Technology,311
2016-06-27,Furniture,540
2016-06-27,Office Supplies,37
2016-06-27,Technology,202
2016-06-28,Furniture,122
2016-06-28,Office Supplies,396
2016-06-28,Technology,360
2016-06-29,Office Supplies,192
2016-06-30,Furniture,1267
2016-06-30,Office Supplies,36
2016-06-30,Technology,50
2016-07-01,Office Supplies,193
2016-07-01,Technology,1531
2016-07-02,Furniture,723
2016-07-02,Office Supplies,49
2016-07-03,Office Supplies,848
2016-07-04,Furniture,1329
2016-07-04,Office Supplies,72
2016-07-04,Technology,249
2016-07-07,Furniture,817
2016-07-07,Office Supplies,206
2016-07-07,Technology,2860
2016-07-08,Furniture,663
2016-07-08,Office Supplies,158
2016-07-08,Technology,1796
2016-07-09,Furniture,573
2016-07-10,Office Supplies,554
2016-07-10,Technology,342
2016-07-12,Technology,96
2016-07-14,Furniture,662
2016-07-14,Office Supplies,549
2016-07-14,Technology,940
2016-07-15,Furniture,230
2016-07-15,Office Supplies,150
2016-07-16,Furniture,10
2016-07-16,Office Supplies,185
2016-07-16,Technology,714
2016-07-17,Furniture,37
2016-07-17,Office Supplies,1103
2016-07-17,Technology,1046
2016-07-18,Furniture,1539
2016-07-18,Office Supplies,1281
2016-07-18,Technology,72
2016-07-19,Furniture,691
2016-07-19,Office Supplies,421
2016-07-19,Technology,426
2016-07-20,Technology,90
2016-07-21,Furniture,364
2016-07-21,Office Supplies,627
2016-07-22,Furniture,39
2016-07-22,Office Supplies,1218
2016-07-22,Technology,110
2016-07-23,Office Supplies,273
2016-07-23,Technology,380
2016-07-24,Furniture,254
2016-07-24,Office Supplies,73
2016-07-25,Furniture,3496
2016-07-25,Office Supplies,564
2016-07-25,Technology,1862
2016-07-28,Furniture,505
2016-07-28,Office Supplies,1528
2016-07-29,Office Supplies,819
2016-07-30,Office Supplies,1771
2016-07-31,Furniture,1136
2016-07-31,Office Supplies,283
2016-07-31,Technology,755
2016-08-01,Furniture,19
2016-08-01,Office Supplies,66
2016-08-01,Technology,1040
2016-08-02,Furniture,136
2016-08-02,Office Supplies,13
2016-08-02,Technology,334
2016-08-03,Office Supplies,82
2016-08-03,Technology,167
2016-08-04,Furniture,110
2016-08-04,Office Supplies,86
2016-08-04,Technology,302
2016-08-05,Office Supplies,197
2016-08-06,Office Supplies,109
2016-08-06,Technology,211
2016-08-07,Technology,180
2016-08-08,Furniture,513
2016-08-08,Office Supplies,602
2016-08-09,Office Supplies,617
2016-08-09,Technology,45
2016-08-11,Office Supplies,152
2016-08-12,Furniture,917
2016-08-12,Office Supplies,1634
2016-08-12,Technology,1400
2016-08-13,Furniture,242
2016-08-13,Office Supplies,417
2016-08-13,Technology,72
2016-08-14,Office Supplies,32
2016-08-14,Technology,893
2016-08-15,Furniture,537
2016-08-15,Office Supplies,200
2016-08-15,Technology,944
2016-08-16,Furniture,161
2016-08-16,Office Supplies,43
2016-08-17,Office Supplies,16
2016-08-18,Furniture,15
2016-08-18,Office Supplies,441
2016-08-18,Technology,40
2016-08-19,Office Supplies,449
2016-08-20,Technology,15
2016-08-21,Furniture,4275
2016-08-21,Office Supplies,144
2016-08-21,Technology,379
2016-08-22,Furniture,98
2016-08-22,Office Supplies,306
2016-08-23,Furniture,556
2016-08-23,Office Supplies,2126
2016-08-23,Technology,1506
2016-08-26,Furniture,3263
2016-08-26,Office Supplies,383
2016-08-26,Technology,1229
2016-08-27,Furniture,245
2016-08-27,Office Supplies,465
2016-08-27,Technology,60
2016-08-28,Furniture,156
2016-08-28,Office Supplies,56
2016-08-28,Technology,109
2016-08-29,Furniture,406
2016-08-29,Office Supplies,109
2016-08-29,Technology,118
2016-08-30,Furniture,834
2016-08-30,Office Supplies,192
2016-08-30,Technology,631
2016-08-31,Office Supplies,24
2016-09-01,Furniture,192
2016-09-01,Office Supplies,4994
2016-09-01,Technology,581
2016-09-02,Furniture,1477
2016-09-02,Office Supplies,689
2016-09-02,Technology,4627
2016-09-03,Furniture,643
2016-09-03,Office Supplies,1441
2016-09-03,Technology,281
2016-09-04,Furniture,131
2016-09-04,Office Supplies,1322
2016-09-04,Technology,3080
2016-09-05,Furniture,3461
2016-09-05,Office Supplies,1216
2016-09-05,Technology,547
2016-09-06,Furniture,722
2016-09-06,Office Supplies,230
2016-09-06,Technology,362
2016-09-08,Furniture,3374
2016-09-08,Office Supplies,966
2016-09-08,Technology,153
2016-09-09,Furniture,15
2016-09-09,Office Supplies,70
2016-09-10,Furniture,301
2016-09-10,Office Supplies,554
2016-09-10,Technology,1240
2016-09-11,Office Supplies,602
2016-09-11,Technology,5901
2016-09-12,Furniture,1679
2016-09-12,Office Supplies,196
2016-09-12,Technology,168
2016-09-13,Furniture,1336
2016-09-13,Office Supplies,859
2016-09-13,Technology,180
2016-09-14,Office Supplies,700
2016-09-14,Technology,438
2016-09-15,Furniture,1128
2016-09-15,Office Supplies,972
2016-09-16,Furniture,396
2016-09-16,Office Supplies,30
2016-09-17,Furniture,430
2016-09-17,Office Supplies,598
2016-09-17,Technology,1014
2016-09-18,Furniture,3219
2016-09-18,Office Supplies,1293
2016-09-18,Technology,240
2016-09-19,Furniture,1599
2016-09-19,Office Supplies,1990
2016-09-19,Technology,250
2016-09-20,Furniture,279
2016-09-20,Office Supplies,954
2016-09-22,Furniture,100
2016-09-22,Office Supplies,355
2016-09-22,Technology,162
2016-09-23,Furniture,1115
2016-09-23,Office Supplies,208
2016-09-24,Furniture,930
2016-09-24,Office Supplies,1354
2016-09-25,Furniture,1625
2016-09-25,Office Supplies,795
2016-09-25,Technology,1025
2016-09-26,Furniture,1628
2016-09-26,Office Supplies,539
2016-09-26,Technology,532
2016-09-27,Furniture,957
2016-09-27,Office Supplies,35
2016-09-27,Technology,1002
2016-09-28,Office Supplies,99
2016-09-29,Office Supplies,202
2016-09-29,Technology,1105
2016-09-30,Furniture,524
2016-09-30,Office Supplies,2
2016-10-01,Furniture,568
2016-10-01,Office Supplies,64
2016-10-01,Technology,150
2016-10-02,Office Supplies,952
2016-10-02,Technology,17500
2016-10-03,Furniture,1552
2016-10-03,Office Supplies,129
2016-10-04,Furniture,251
2016-10-04,Office Supplies,209
2016-10-04,Technology,5453
2016-10-06,Office Supplies,59
2016-10-06,Technology,772
2016-10-07,Office Supplies,136
2016-10-07,Technology,838
2016-10-08,Furniture,52
2016-10-08,Office Supplies,510
2016-10-09,Furniture,503
2016-10-09,Office Supplies,20
2016-10-09,Technology,24
2016-10-10,Furniture,226
2016-10-10,Office Supplies,41
2016-10-10,Technology,16
2016-10-11,Office Supplies,33
2016-10-13,Furniture,1017
2016-10-13,Office Supplies,441
2016-10-13,Technology,192
2016-10-14,Furniture,103
2016-10-14,Office Supplies,292
2016-10-14,Technology,2942
2016-10-15,Office Supplies,1616
2016-10-15,Technology,6
2016-10-16,Furniture,142
2016-10-17,Furniture,242
2016-10-17,Office Supplies,2262
2016-10-17,Technology,450
2016-10-18,Furniture,308
2016-10-20,Furniture,505
2016-10-20,Office Supplies,123
2016-10-20,Technology,318
2016-10-21,Furniture,2013
2016-10-21,Office Supplies,5499
2016-10-21,Technology,439
2016-10-22,Furniture,173
2016-10-22,Office Supplies,15
2016-10-23,Furniture,16
2016-10-23,Office Supplies,451
2016-10-24,Office Supplies,16
2016-10-24,Technology,1350
2016-10-25,Technology,784
2016-10-27,Furniture,759
2016-10-27,Office Supplies,220
2016-10-28,Furniture,1112
2016-10-28,Office Supplies,1484
2016-10-28,Technology,302
2016-10-29,Furniture,67
2016-10-29,Office Supplies,65
2016-10-30,Office Supplies,160
2016-10-31,Furniture,2266
2016-10-31,Office Supplies,1484
2016-11-01,Office Supplies,364
2016-11-01,Technology,90
2016-11-03,Furniture,1555
2016-11-03,Office Supplies,1912
2016-11-03,Technology,335
2016-11-04,Furniture,2006
2016-11-04,Office Supplies,1195
2016-11-04,Technology,686
2016-11-05,Furniture,2965
2016-11-05,Office Supplies,466
2016-11-05,Technology,838
2016-11-06,Furniture,564
2016-11-06,Office Supplies,210
2016-11-07,Furniture,1662
2016-11-07,Office Supplies,925
2016-11-07,Technology,1224
2016-11-08,Furniture,994
2016-11-09,Technology,480
2016-11-10,Furniture,1004
2016-11-10,Office Supplies,2115
2016-11-10,Technology,1605
2016-11-11,Furniture,3473
2016-11-11,Office Supplies,1022
2016-11-11,Technology,450
2016-11-12,Furniture,4158
2016-11-12,Office Supplies,521
2016-11-12,Technology,236
2016-11-13,Furniture,54
2016-11-13,Office Supplies,612
2016-11-13,Technology,2280
2016-11-14,Furniture,857
2016-11-14,Office Supplies,112
2016-11-14,Technology,1804
2016-11-15,Furniture,630
2016-11-15,Office Supplies,1055
2016-11-15,Technology,460
2016-11-16,Office Supplies,36
2016-11-17,Office Supplies,76
2016-11-17,Technology,67
2016-11-18,Furniture,557
2016-11-18,Office Supplies,1426
2016-11-18,Technology,1976
2016-11-19,Furniture,34
2016-11-19,Office Supplies,532
2016-11-19,Technology,72
2016-11-20,Furniture,702
2016-11-20,Office Supplies,621
2016-11-20,Technology,1748
2016-11-21,Furniture,515
2016-11-21,Office Supplies,145
2016-11-21,Technology,517
2016-11-22,Furniture,40
2016-11-22,Office Supplies,252
2016-11-22,Technology,24
2016-11-23,Furniture,84
2016-11-23,Office Supplies,16
2016-11-24,Furniture,2325
2016-11-24,Office Supplies,1537
2016-11-24,Technology,2533
2016-11-25,Furniture,1763
2016-11-25,Office Supplies,1115
2016-11-25,Technology,5100
2016-11-26,Furniture,4315
2016-11-26,Office Supplies,420
2016-11-26,Technology,3595
2016-11-27,Furniture,363
2016-11-27,Office Supplies,803
2016-11-27,Technology,486
2016-11-28,Furniture,531
2016-11-28,Office Supplies,2456
2016-11-28,Technology,442
2016-11-29,Furniture,242
2016-11-29,Technology,58
2016-11-30,Furniture,390
2016-11-30,Office Supplies,544
2016-11-30,Technology,36
2016-12-01,Furniture,1800
2016-12-01,Office Supplies,4384
2016-12-01,Technology,1182
2016-12-02,Furniture,869
2016-12-02,Office Supplies,3020
2016-12-02,Technology,796
2016-12-03,Furniture,2142
2016-12-03,Office Supplies,1480
2016-12-03,Technology,1650
2016-12-04,Furniture,114
2016-12-04,Office Supplies,754
2016-12-04,Technology,78
2016-12-05,Furniture,2239
2016-12-05,Office Supplies,1795
2016-12-05,Technology,1234
2016-12-06,Office Supplies,2287
2016-12-06,Technology,1591
2016-12-08,Furniture,2699
2016-12-08,Office Supplies,464
2016-12-08,Technology,1548
2016-12-09,Furniture,1137
2016-12-09,Office Supplies,587
2016-12-09,Technology,131
2016-12-10,Furniture,1747
2016-12-10,Office Supplies,1669
2016-12-10,Technology,45
2016-12-11,Furniture,2462
2016-12-11,Office Supplies,1452
2016-12-11,Technology,2189
2016-12-12,Furniture,477
2016-12-12,Office Supplies,213
2016-12-12,Technology,1292
2016-12-13,Furniture,1114
2016-12-13,Office Supplies,16
2016-12-13,Technology,64
2016-12-14,Furniture,611
2016-12-14,Office Supplies,217
2016-12-15,Furniture,2232
2016-12-15,Office Supplies,404
2016-12-16,Furniture,564
2016-12-16,Office Supplies,44
2016-12-16,Technology,21
2016-12-17,Furniture,2004
2016-12-17,Office Supplies,10016
2016-12-17,Technology,166
2016-12-18,Furniture,1184
2016-12-18,Office Supplies,4814
2016-12-18,Technology,1054
2016-12-19,Furniture,760
2016-12-19,Office Supplies,55
2016-12-20,Furniture,19
2016-12-20,Office Supplies,49
2016-12-20,Technology,66
2016-12-22,Furniture,920
2016-12-22,Office Supplies,112
2016-12-22,Technology,12
2016-12-23,Furniture,1002
2016-12-23,Office Supplies,1590
2016-12-23,Technology,4374
2016-12-24,Furniture,844
2016-12-24,Office Supplies,641
2016-12-24,Technology,454
2016-12-25,Furniture,6636
2016-12-25,Office Supplies,205
2016-12-25,Technology,3646
2016-12-26,Furniture,1262
2016-12-26,Office Supplies,175
2016-12-26,Technology,392
2016-12-27,Furniture,845
2016-12-27,Office Supplies,74
2016-12-27,Technology,40
2016-12-29,Furniture,825
2016-12-29,Office Supplies,452
2016-12-30,Furniture,171
2016-12-30,Office Supplies,603
2016-12-31,Office Supplies,430
2016-12-31,Technology,302
2017-01-01,Furniture,975
2017-01-01,Office Supplies,507
2017-01-02,Furniture,913
2017-01-02,Office Supplies,454
2017-01-02,Technology,713
2017-01-03,Office Supplies,2070
2017-01-06,Office Supplies,34
2017-01-07,Office Supplies,336
2017-01-07,Technology,3060
2017-01-08,Furniture,893
2017-01-09,Office Supplies,274
2017-01-12,Furniture,38
2017-01-12,Office Supplies,811
2017-01-13,Furniture,213
2017-01-13,Office Supplies,4406
2017-01-14,Furniture,19
2017-01-14,Office Supplies,509
2017-01-14,Technology,529
2017-01-15,Office Supplies,2029
2017-01-15,Technology,111
2017-01-16,Furniture,731
2017-01-16,Office Supplies,5500
2017-01-19,Furniture,919
2017-01-19,Office Supplies,665
2017-01-19,Technology,430
2017-01-20,Furniture,208
2017-01-20,Office Supplies,40
2017-01-20,Technology,521
2017-01-21,Furniture,85
2017-01-21,Office Supplies,1147
2017-01-21,Technology,1316
2017-01-22,Office Supplies,1212
2017-01-22,Technology,3000
2017-01-23,Furniture,211
2017-01-23,Office Supplies,57
2017-01-23,Technology,182
2017-01-24,Office Supplies,309
2017-01-24,Technology,110
2017-01-26,Furniture,63
2017-01-26,Office Supplies,52
2017-01-26,Technology,2940
2017-01-27,Office Supplies,14
2017-01-27,Technology,318
2017-01-28,Furniture,38
2017-01-28,Office Supplies,280
2017-01-28,Technology,690
2017-01-29,Furniture,15
2017-01-29,Office Supplies,280
2017-01-30,Furniture,644
2017-01-30,Office Supplies,290
2017-01-30,Technology,2815
2017-02-02,Furniture,297
2017-02-02,Office Supplies,316
2017-02-02,Technology,300
2017-02-03,Furniture,22
2017-02-03,Office Supplies,900
2017-02-04,Office Supplies,33
2017-02-05,Office Supplies,1892
2017-02-05,Technology,371
2017-02-06,Furniture,601
2017-02-06,Office Supplies,76
2017-02-06,Technology,227
2017-02-09,Furniture,25
2017-02-09,Office Supplies,621
2017-02-09,Technology,128
2017-02-10,Furniture,204
2017-02-10,Office Supplies,23
2017-02-11,Furniture,1111
2017-02-11,Office Supplies,42
2017-02-11,Technology,89
2017-02-13,Furniture,108
2017-02-13,Office Supplies,152
2017-02-13,Technology,800
2017-02-16,Furniture,609
2017-02-16,Office Supplies,714
2017-02-16,Technology,15
2017-02-17,Furniture,1955
2017-02-17,Office Supplies,359
2017-02-17,Technology,650
2017-02-18,Office Supplies,10
2017-02-18,Technology,278
2017-02-19,Furniture,45
2017-02-19,Office Supplies,1270
2017-02-20,Furniture,478
2017-02-20,Office Supplies,91
2017-02-20,Technology,582
2017-02-21,Technology,48
2017-02-23,Office Supplies,45
2017-02-23,Technology,72
2017-02-24,Office Supplies,129
2017-02-24,Technology,1320
2017-02-25,Furniture,429
2017-02-25,Office Supplies,2
2017-02-26,Furniture,984
2017-02-26,Office Supplies,716
2017-02-26,Technology,1149
2017-02-28,Office Supplies,18
2017-03-02,Furniture,442
2017-03-02,Office Supplies,888
2017-03-02,Technology,677
2017-03-03,Furniture,751
2017-03-03,Office Supplies,100
2017-03-03,Technology,1149
2017-03-04,Furniture,104
2017-03-04,Office Supplies,125
2017-03-05,Office Supplies,940
2017-03-05,Technology,300
2017-03-06,Furniture,72
2017-03-06,Office Supplies,500
2017-03-06,Technology,206
2017-03-07,Office Supplies,118
2017-03-07,Technology,49
2017-03-08,Office Supplies,843
2017-03-09,Office Supplies,31
2017-03-09,Technology,680
2017-03-10,Furniture,984
2017-03-10,Office Supplies,67
2017-03-10,Technology,202
2017-03-11,Furniture,182
2017-03-11,Office Supplies,951
2017-03-11,Technology,841
2017-03-12,Office Supplies,283
2017-03-12,Technology,70
2017-03-13,Furniture,90
2017-03-13,Office Supplies,2833
2017-03-13,Technology,1868
2017-03-14,Technology,50
2017-03-16,Furniture,51
2017-03-16,Office Supplies,653
2017-03-16,Technology,1309
2017-03-17,Office Supplies,294
2017-03-17,Technology,249
2017-03-18,Furniture,83
2017-03-18,Office Supplies,380
2017-03-18,Technology,566
2017-03-19,Furniture,728
2017-03-19,Office Supplies,481
2017-03-19,Technology,958
2017-03-20,Furniture,3
2017-03-20,Office Supplies,393
2017-03-20,Technology,504
2017-03-21,Furniture,1828
2017-03-21,Office Supplies,1505
2017-03-23,Furniture,212
2017-03-23,Office Supplies,605
2017-03-23,Technology,14000
2017-03-24,Furniture,480
2017-03-24,Office Supplies,282
2017-03-24,Technology,496
2017-03-25,Furniture,1987
2017-03-25,Office Supplies,419
2017-03-25,Technology,1161
2017-03-26,Furniture,319
2017-03-26,Office Supplies,217
2017-03-26,Technology,2717
2017-03-27,Furniture,2142
2017-03-27,Office Supplies,546
2017-03-27,Technology,246
2017-03-28,Furniture,48
2017-03-28,Office Supplies,924
2017-03-28,Technology,533
2017-03-29,Office Supplies,81
2017-03-30,Furniture,94
2017-03-30,Office Supplies,398
2017-03-30,Technology,165
2017-03-31,Furniture,296
2017-03-31,Office Supplies,251
2017-03-31,Technology,4435
2017-04-01,Furniture,829
2017-04-01,Office Supplies,320
2017-04-01,Technology,4824
2017-04-02,Furniture,437
2017-04-02,Office Supplies,26
2017-04-02,Technology,360
2017-04-03,Furniture,25
2017-04-03,Office Supplies,7
2017-04-04,Office Supplies,264
2017-04-04,Technology,544
2017-04-06,Office Supplies,114
2017-04-07,Furniture,1113
2017-04-07,Office Supplies,21
2017-04-07,Technology,837
2017-04-08,Furniture,637
2017-04-08,Office Supplies,5766
2017-04-09,Office Supplies,1628
2017-04-10,Furniture,49
2017-04-10,Office Supplies,510
2017-04-10,Technology,196
2017-04-11,Office Supplies,93
2017-04-11,Technology,227
2017-04-12,Office Supplies,70
2017-04-13,Furniture,437
2017-04-13,Office Supplies,909
2017-04-14,Furniture,514
2017-04-14,Office Supplies,139
2017-04-15,Furniture,196
2017-04-15,Office Supplies,137
2017-04-16,Furniture,103
2017-04-16,Office Supplies,817
2017-04-16,Technology,26
2017-04-17,Furniture,278
2017-04-17,Office Supplies,328
2017-04-17,Technology,2825
2017-04-20,Furniture,470
2017-04-20,Office Supplies,1442
2017-04-20,Technology,122
2017-04-21,Furniture,1072
2017-04-21,Office Supplies,124
2017-04-21,Technology,60
2017-04-22,Furniture,272
2017-04-22,Office Supplies,675
2017-04-23,Furniture,567
2017-04-23,Office Supplies,432
2017-04-23,Technology,200
2017-04-24,Office Supplies,307
2017-04-24,Technology,622
2017-04-25,Furniture,345
2017-04-25,Office Supplies,225
2017-04-25,Technology,108
2017-04-26,Furniture,2
2017-04-26,Office Supplies,59
2017-04-27,Furniture,360
2017-04-27,Office Supplies,216
2017-04-28,Office Supplies,43
2017-04-28,Technology,752
2017-04-29,Furniture,1048
2017-04-29,Office Supplies,5
2017-04-30,Furniture,310
2017-04-30,Office Supplies,402
2017-04-30,Technology,680
2017-05-01,Furniture,4051
2017-05-01,Office Supplies,8
2017-05-01,Technology,49
2017-05-02,Furniture,130
2017-05-02,Office Supplies,110
2017-05-02,Technology,160
2017-05-03,Furniture,405
2017-05-03,Office Supplies,980
2017-05-04,Furniture,301
2017-05-04,Office Supplies,903
2017-05-04,Technology,184
2017-05-05,Furniture,90
2017-05-05,Office Supplies,95
2017-05-06,Furniture,623
2017-05-06,Office Supplies,1332
2017-05-06,Technology,1228
2017-05-07,Furniture,1963
2017-05-07,Office Supplies,87
2017-05-07,Technology,500
2017-05-08,Furniture,176
2017-05-08,Office Supplies,122
2017-05-08,Technology,3360
2017-05-09,Furniture,494
2017-05-09,Office Supplies,384
2017-05-09,Technology,200
2017-05-11,Furniture,218
2017-05-11,Office Supplies,231
2017-05-12,Furniture,328
2017-05-12,Office Supplies,555
2017-05-12,Technology,87
2017-05-13,Furniture,458
2017-05-13,Office Supplies,2020
2017-05-13,Technology,588
2017-05-14,Furniture,1179
2017-05-14,Office Supplies,965
2017-05-14,Technology,2038
2017-05-15,Furniture,304
2017-05-15,Office Supplies,78
2017-05-15,Technology,41
2017-05-16,Office Supplies,221
2017-05-18,Furniture,343
2017-05-18,Office Supplies,902
2017-05-18,Technology,587
2017-05-19,Furniture,2624
2017-05-19,Office Supplies,1109
2017-05-19,Technology,1186
2017-05-20,Furniture,525
2017-05-20,Office Supplies,1006
2017-05-20,Technology,1466
2017-05-21,Furniture,520
2017-05-21,Office Supplies,18
2017-05-22,Furniture,182
2017-05-22,Office Supplies,87
2017-05-22,Technology,68
2017-05-23,Furniture,171
2017-05-23,Office Supplies,70
2017-05-25,Furniture,19
2017-05-25,Office Supplies,747
2017-05-25,Technology,120
2017-05-26,Office Supplies,247
2017-05-26,Technology,23
2017-05-27,Furniture,512
2017-05-27,Office Supplies,604
2017-05-27,Technology,967
2017-05-28,Furniture,799
2017-05-28,Office Supplies,159
2017-05-28,Technology,522
2017-05-29,Furniture,71
2017-05-29,Office Supplies,619
2017-05-30,Furniture,469
2017-05-30,Office Supplies,77
2017-05-30,Technology,192
2017-06-01,Furniture,1926
2017-06-01,Office Supplies,2850
2017-06-01,Technology,282
2017-06-02,Office Supplies,132
2017-06-02,Technology,3
2017-06-03,Furniture,662
2017-06-03,Office Supplies,247
2017-06-03,Technology,2044
2017-06-04,Furniture,62
2017-06-04,Office Supplies,145
2017-06-04,Technology,72
2017-06-05,Office Supplies,21
2017-06-05,Technology,470
2017-06-06,Furniture,5
2017-06-06,Office Supplies,26
2017-06-08,Furniture,1498
2017-06-08,Office Supplies,241
2017-06-08,Technology,490
2017-06-09,Furniture,133
2017-06-09,Office Supplies,806
2017-06-10,Furniture,514
2017-06-10,Office Supplies,1499
2017-06-10,Technology,502
2017-06-11,Furniture,455
2017-06-11,Office Supplies,740
2017-06-11,Technology,386
2017-06-12,Furniture,1337
2017-06-12,Office Supplies,206
2017-06-12,Technology,136
2017-06-13,Furniture,761
2017-06-13,Office Supplies,347
2017-06-13,Technology,48
2017-06-15,Furniture,928
2017-06-15,Office Supplies,482
2017-06-15,Technology,2648
2017-06-16,Furniture,1515
2017-06-16,Office Supplies,472
2017-06-16,Technology,738
2017-06-17,Furniture,155
2017-06-17,Office Supplies,234
2017-06-17,Technology,3505
2017-06-18,Furniture,918
2017-06-18,Office Supplies,113
2017-06-19,Furniture,1306
2017-06-19,Office Supplies,1028
2017-06-19,Technology,225
2017-06-20,Office Supplies,133
2017-06-20,Technology,894
2017-06-21,Furniture,18
2017-06-21,Office Supplies,577
2017-06-22,Furniture,488
2017-06-22,Office Supplies,91
2017-06-24,Furniture,450
2017-06-24,Office Supplies,839
2017-06-25,Furniture,1272
2017-06-25,Office Supplies,87
2017-06-25,Technology,148
2017-06-26,Furniture,800
2017-06-26,Office Supplies,1305
2017-06-26,Technology,2120
2017-06-27,Furniture,318
2017-06-27,Office Supplies,39
2017-06-27,Technology,1287
2017-06-29,Furniture,1381
2017-06-29,Office Supplies,3080
2017-06-29,Technology,62
2017-06-30,Furniture,2106
2017-06-30,Office Supplies,1615
2017-06-30,Technology,1002
2017-07-01,Office Supplies,640
2017-07-02,Office Supplies,169
2017-07-03,Furniture,1016
2017-07-03,Office Supplies,461
2017-07-03,Technology,5487
2017-07-05,Furniture,332
2017-07-05,Office Supplies,64
2017-07-05,Technology,80
2017-07-06,Furniture,361
2017-07-06,Office Supplies,19
2017-07-07,Furniture,87
2017-07-07,Office Supplies,52
2017-07-07,Technology,1481
2017-07-08,Furniture,484
2017-07-08,Office Supplies,1304
2017-07-08,Technology,192
2017-07-09,Furniture,526
2017-07-09,Office Supplies,887
2017-07-09,Technology,258
2017-07-10,Furniture,19
2017-07-10,Office Supplies,340
2017-07-11,Office Supplies,237
2017-07-11,Technology,1492
2017-07-12,Office Supplies,4
2017-07-13,Furniture,91
2017-07-13,Office Supplies,374
2017-07-13,Technology,40
2017-07-14,Furniture,693
2017-07-14,Office Supplies,404
2017-07-14,Technology,2501
2017-07-15,Furniture,1847
2017-07-15,Office Supplies,244
2017-07-15,Technology,42
2017-07-16,Furniture,313
2017-07-16,Office Supplies,3
2017-07-17,Furniture,1241
2017-07-17,Office Supplies,201
2017-07-17,Technology,750
2017-07-18,Furniture,1475
2017-07-18,Office Supplies,33
2017-07-18,Technology,600
2017-07-20,Furniture,540
2017-07-20,Office Supplies,1354
2017-07-20,Technology,390
2017-07-21,Furniture,661
2017-07-21,Office Supplies,843
2017-07-21,Technology,2181
2017-07-22,Furniture,526
2017-07-22,Technology,30
2017-07-23,Office Supplies,338
2017-07-23,Technology,560
2017-07-24,Technology,2400
2017-07-25,Furniture,457
2017-07-25,Office Supplies,342
2017-07-26,Furniture,362
2017-07-26,Technology,1650
2017-07-27,Furniture,325
2017-07-27,Office Supplies,39
2017-07-27,Technology,779
2017-07-28,Office Supplies,25
2017-07-28,Technology,1146
2017-07-29,Furniture,419
2017-07-29,Office Supplies,273
2017-07-29,Technology,700
2017-07-30,Office Supplies,433
2017-07-30,Technology,90
2017-07-31,Furniture,37
2017-07-31,Office Supplies,1159
2017-07-31,Technology,364
2017-08-01,Office Supplies,278
2017-08-01,Technology,1808
2017-08-03,Furniture,307
2017-08-03,Office Supplies,185
2017-08-03,Technology,40
2017-08-04,Office Supplies,20
2017-08-05,Office Supplies,424
2017-08-05,Technology,80
2017-08-06,Furniture,161
2017-08-06,Office Supplies,438
2017-08-06,Technology,825
2017-08-07,Furniture,259
2017-08-07,Office Supplies,2035
2017-08-07,Technology,1187
2017-08-10,Furniture,121
2017-08-10,Office Supplies,247
2017-08-10,Technology,1454
2017-08-11,Office Supplies,556
2017-08-11,Technology,154
2017-08-12,Furniture,1835
2017-08-12,Office Supplies,1142
2017-08-12,Technology,718
2017-08-13,Furniture,456
2017-08-13,Office Supplies,2187
2017-08-13,Technology,2
2017-08-14,Furniture,418
2017-08-14,Office Supplies,23
2017-08-15,Office Supplies,1950
2017-08-16,Office Supplies,80
2017-08-17,Furniture,4971
2017-08-17,Office Supplies,4378
2017-08-17,Technology,170
2017-08-18,Furniture,204
2017-08-18,Office Supplies,4473
2017-08-18,Technology,2401
2017-08-19,Office Supplies,512
2017-08-20,Office Supplies,549
2017-08-20,Technology,144
2017-08-21,Furniture,2094
2017-08-21,Office Supplies,5993
2017-08-21,Technology,465
2017-08-22,Furniture,525
2017-08-23,Furniture,3
2017-08-23,Office Supplies,220
2017-08-23,Technology,4368
2017-08-24,Office Supplies,685
2017-08-25,Furniture,131
2017-08-25,Office Supplies,231
2017-08-26,Furniture,65
2017-08-26,Office Supplies,54
2017-08-26,Technology,72
2017-08-27,Furniture,2037
2017-08-27,Office Supplies,1805
2017-08-27,Technology,2348
2017-08-28,Furniture,1138
2017-08-28,Office Supplies,272
2017-08-28,Technology,35
2017-08-29,Furniture,148
2017-08-29,Office Supplies,86
2017-08-31,Furniture,570
2017-08-31,Office Supplies,1245
2017-08-31,Technology,1349
2017-09-01,Furniture,897
2017-09-01,Office Supplies,346
2017-09-01,Technology,20
2017-09-02,Furniture,2529
2017-09-02,Office Supplies,2853
2017-09-02,Technology,3976
2017-09-03,Furniture,621
2017-09-03,Office Supplies,590
2017-09-03,Technology,386
2017-09-04,Furniture,3722
2017-09-04,Office Supplies,1477
2017-09-04,Technology,160
2017-09-05,Office Supplies,238
2017-09-05,Technology,90
2017-09-07,Furniture,471
2017-09-07,Office Supplies,2390
2017-09-07,Technology,990
2017-09-08,Furniture,1000
2017-09-08,Office Supplies,237
2017-09-08,Technology,948
2017-09-09,Furniture,482
2017-09-09,Office Supplies,1428
2017-09-09,Technology,2447
2017-09-10,Furniture,362
2017-09-10,Office Supplies,1291
2017-09-10,Technology,854
2017-09-11,Furniture,2811
2017-09-11,Office Supplies,2530
2017-09-11,Technology,224
2017-09-12,Furniture,8
2017-09-12,Office Supplies,483
2017-09-13,Office Supplies,16
2017-09-14,Furniture,830
2017-09-14,Office Supplies,1308
2017-09-14,Technology,2230
2017-09-15,Furniture,2613
2017-09-15,Office Supplies,3482
2017-09-15,Technology,1190
2017-09-16,Furniture,23
2017-09-16,Office Supplies,634
2017-09-16,Technology,194
2017-09-17,Furniture,2335
2017-09-17,Office Supplies,659
2017-09-17,Technology,1986
2017-09-18,Furniture,30
2017-09-18,Office Supplies,874
2017-09-18,Technology,609
2017-09-19,Furniture,482
2017-09-19,Office Supplies,263
2017-09-19,Technology,904
2017-09-20,Furniture,5496
2017-09-20,Office Supplies,114
2017-09-20,Technology,1751
2017-09-21,Office Supplies,186
2017-09-21,Technology,152
2017-09-22,Furniture,254
2017-09-22,Office Supplies,5854
2017-09-22,Technology,1763
2017-09-23,Furniture,805
2017-09-23,Office Supplies,1011
2017-09-23,Technology,580
2017-09-24,Furniture,1427
2017-09-24,Office Supplies,439
2017-09-24,Technology,4585
2017-09-25,Furniture,806
2017-09-25,Office Supplies,488
2017-09-25,Technology,120
2017-09-26,Furniture,428
2017-09-26,Office Supplies,1058
2017-09-28,Furniture,42
2017-09-28,Office Supplies,463
2017-09-28,Technology,54
2017-09-29,Furniture,554
2017-09-29,Office Supplies,814
2017-09-29,Technology,577
2017-09-30,Office Supplies,382
2017-09-30,Technology,160
2017-10-01,Furniture,560
2017-10-01,Office Supplies,609
2017-10-01,Technology,1810
2017-10-02,Furniture,2759
2017-10-02,Office Supplies,2139
2017-10-02,Technology,520
2017-10-03,Furniture,255
2017-10-03,Office Supplies,1879
2017-10-03,Technology,372
2017-10-04,Furniture,20
2017-10-05,Furniture,935
2017-10-05,Office Supplies,229
2017-10-05,Technology,5521
2017-10-06,Furniture,42
2017-10-06,Office Supplies,1137
2017-10-06,Technology,320
2017-10-07,Furniture,463
2017-10-07,Office Supplies,740
2017-10-07,Technology,1547
2017-10-08,Furniture,146
2017-10-08,Office Supplies,84
2017-10-08,Technology,379
2017-10-09,Furniture,1333
2017-10-09,Office Supplies,163
2017-10-10,Furniture,239
2017-10-12,Furniture,3123
2017-10-12,Office Supplies,234
2017-10-12,Technology,2279
2017-10-13,Furniture,1515
2017-10-13,Office Supplies,6650
2017-10-13,Technology,242
2017-10-14,Furniture,9
2017-10-14,Office Supplies,78
2017-10-14,Technology,46
2017-10-15,Furniture,533
2017-10-15,Office Supplies,486
2017-10-16,Furniture,2422
2017-10-16,Office Supplies,433
2017-10-16,Technology,619
2017-10-17,Office Supplies,74
2017-10-17,Technology,53
2017-10-19,Furniture,531
2017-10-19,Office Supplies,1925
2017-10-19,Technology,327
2017-10-20,Furniture,328
2017-10-20,Office Supplies,990
2017-10-20,Technology,16
2017-10-21,Furniture,1470
2017-10-21,Office Supplies,1269
2017-10-21,Technology,1798
2017-10-22,Furniture,1005
2017-10-22,Office Supplies,468
2017-10-22,Technology,13686
2017-10-23,Furniture,1194
2017-10-23,Office Supplies,380
2017-10-23,Technology,1779
2017-10-24,Furniture,517
2017-10-24,Office Supplies,12
2017-10-26,Furniture,357
2017-10-26,Office Supplies,443
2017-10-26,Technology,201
2017-10-27,Furniture,747
2017-10-27,Office Supplies,146
2017-10-27,Technology,195
2017-10-28,Furniture,78
2017-10-28,Office Supplies,281
2017-10-28,Technology,50
2017-10-29,Office Supplies,47
2017-10-30,Furniture,1302
2017-10-30,Office Supplies,2133
2017-10-30,Technology,590
2017-10-31,Office Supplies,15
2017-10-31,Technology,509
2017-11-01,Furniture,2666
2017-11-01,Office Supplies,256
2017-11-02,Furniture,1159
2017-11-02,Office Supplies,2027
2017-11-02,Technology,3109
2017-11-03,Furniture,2523
2017-11-03,Office Supplies,407
2017-11-03,Technology,1606
2017-11-04,Furniture,524
2017-11-04,Office Supplies,474
2017-11-04,Technology,9671
2017-11-05,Furniture,395
2017-11-05,Office Supplies,815
2017-11-05,Technology,1144
2017-11-06,Furniture,2682
2017-11-06,Office Supplies,1480
2017-11-06,Technology,126
2017-11-07,Furniture,623
2017-11-07,Office Supplies,161
2017-11-07,Technology,1630
2017-11-08,Furniture,274
2017-11-08,Office Supplies,110
2017-11-09,Furniture,883
2017-11-09,Office Supplies,2251
2017-11-09,Technology,1618
2017-11-10,Furniture,1482
2017-11-10,Office Supplies,1445
2017-11-10,Technology,1081
2017-11-11,Furniture,124
2017-11-11,Office Supplies,1655
2017-11-11,Technology,35
2017-11-12,Furniture,251
2017-11-12,Office Supplies,1376
2017-11-12,Technology,1287
2017-11-13,Furniture,2766
2017-11-13,Office Supplies,1971
2017-11-13,Technology,1897
2017-11-14,Furniture,322
2017-11-14,Office Supplies,225
2017-11-14,Technology,288
2017-11-15,Furniture,559
2017-11-16,Furniture,289
2017-11-16,Office Supplies,1225
2017-11-16,Technology,3240
2017-11-17,Furniture,516
2017-11-17,Office Supplies,1723
2017-11-17,Technology,11457
2017-11-18,Furniture,153
2017-11-18,Office Supplies,1109
2017-11-18,Technology,208
2017-11-19,Furniture,2603
2017-11-19,Office Supplies,4762
2017-11-19,Technology,32
2017-11-20,Furniture,883
2017-11-20,Office Supplies,275
2017-11-20,Technology,1833
2017-11-21,Furniture,98
2017-11-21,Office Supplies,384
2017-11-21,Technology,1755
2017-11-22,Office Supplies,36
2017-11-23,Furniture,186
2017-11-23,Office Supplies,445
2017-11-23,Technology,520
2017-11-24,Furniture,1734
2017-11-24,Office Supplies,2835
2017-11-24,Technology,393
2017-11-25,Furniture,2639
2017-11-25,Office Supplies,687
2017-11-25,Technology,340
2017-11-26,Furniture,1375
2017-11-26,Office Supplies,464
2017-11-26,Technology,3209
2017-11-27,Furniture,66
2017-11-27,Office Supplies,1185
2017-11-27,Technology,368
2017-11-28,Furniture,4658
2017-11-28,Office Supplies,275
2017-11-28,Technology,1980
2017-11-29,Furniture,492
2017-11-30,Furniture,4130
2017-11-30,Office Supplies,1417
2017-11-30,Technology,1098
2017-12-01,Furniture,2543
2017-12-01,Office Supplies,1371
2017-12-01,Technology,1417
2017-12-02,Furniture,3528
2017-12-02,Office Supplies,2667
2017-12-02,Technology,3758
2017-12-03,Furniture,592
2017-12-03,Office Supplies,446
2017-12-03,Technology,364
2017-12-04,Furniture,993
2017-12-04,Office Supplies,199
2017-12-04,Technology,1448
2017-12-05,Furniture,322
2017-12-05,Office Supplies,796
2017-12-05,Technology,335
2017-12-06,Office Supplies,11
2017-12-07,Furniture,82
2017-12-07,Office Supplies,2281
2017-12-07,Technology,554
2017-12-08,Furniture,3369
2017-12-08,Office Supplies,2632
2017-12-08,Technology,1642
2017-12-09,Furniture,1927
2017-12-09,Office Supplies,1447
2017-12-09,Technology,2096
2017-12-10,Furniture,2103
2017-12-10,Office Supplies,973
2017-12-10,Technology,798
2017-12-11,Furniture,1449
2017-12-11,Office Supplies,899
2017-12-11,Technology,476
2017-12-13,Furniture,489
2017-12-13,Office Supplies,92
2017-12-14,Furniture,1852
2017-12-14,Office Supplies,321
2017-12-14,Technology,1725
2017-12-15,Furniture,23
2017-12-15,Office Supplies,87
2017-12-15,Technology,197
2017-12-16,Furniture,198
2017-12-16,Office Supplies,320
2017-12-16,Technology,340
2017-12-17,Furniture,629
2017-12-17,Office Supplies,1398
2017-12-18,Furniture,1381
2017-12-18,Office Supplies,2117
2017-12-18,Technology,149
2017-12-19,Furniture,115
2017-12-19,Office Supplies,1781
2017-12-20,Office Supplies,377
2017-12-21,Furniture,16
2017-12-21,Office Supplies,1772
2017-12-21,Technology,353
2017-12-22,Furniture,4088
2017-12-22,Office Supplies,1850
2017-12-22,Technology,1504
2017-12-23,Furniture,282
2017-12-23,Office Supplies,1149
2017-12-23,Technology,495
2017-12-24,Furniture,1394
2017-12-24,Office Supplies,1478
2017-12-24,Technology,3360
2017-12-25,Furniture,832
2017-12-25,Office Supplies,1467
2017-12-25,Technology,401
2017-12-26,Office Supplies,815
2017-12-27,Office Supplies,13
2017-12-27,Technology,164
2017-12-28,Furniture,551
2017-12-28,Office Supplies,1090
2017-12-28,Technology,15
2017-12-29,Furniture,2331
2017-12-29,Office Supplies,284
2017-12-29,Technology,302
2017-12-30,Furniture,323
2017-12-30,Office Supplies,300
2017-12-30,Technology,91
